"gene_name","rank_anova","rank_mi","stability","p_anova_bonf","p_mi_fdr","F_statistic","MI_score","rank_consensus"
"gene_7964",4,1,1,1,0.00101721565476874,50.6524796286911,0.354464253330112,2.5
"gene_7965",19,17,0.8,1,0.00101721565476874,34.4840162946903,0.285380694861538,18
"gene_7896",21,19,0.94,1,0.00101721565476874,65.6927918307338,0.38414284300448,20
"gene_16342",16,25,0.84,1,0.00101721565476874,10.1999089968567,0.137746134905258,20.5
"gene_18746",41,5,1,NA,NA,NA,NA,23
"gene_6816",42,7,0.82,1,0.00101721565476874,131.919264916301,0.515431694689515,24.5
"gene_7421",3,47,0.86,1,0.00101721565476874,51.5869856097166,0.404787505595499,25
"gene_9177",27,24,0.98,1,0.00101721565476874,255.885996489522,0.835535875983219,25.5
"gene_203",14,56,0.98,1,0.00101721565476874,17.2046447003403,0.152343314405429,35
"gene_17801",51,20,1,NA,NA,NA,NA,35.5
"gene_12568",58,15,0.68,1,0.00101721565476874,65.4388582631632,0.442012970857707,36.5
"gene_8349",77,9,0.91,1,0.00101721565476874,12.9099542232474,0.130292259091562,43
"gene_15897",85,12,0.86,1,0.00101721565476874,93.1868124689881,0.497747155006288,48.5
"gene_6594",59,41,0.74,1,0.00101721565476874,68.5186466164888,0.398048122329491,50
"gene_18381",98,2,0.75,NA,NA,NA,NA,50
"gene_11550",53,55,0.86,1,0.00101721565476874,27.8898893806833,0.229689952627315,54
"gene_12995",5,105,0.88,1,0.00101721565476874,40.8519128448872,0.433962296920963,55
"gene_8003",65,49,0.61,1,0.00101721565476874,41.7611052463542,0.344479382218774,57
"gene_3461",15,101,0.6,1,0.00101721565476874,194.882681005233,0.672800997117389,58
"gene_17316",74,42,0.86,1,0.00101721565476874,19.8380295358459,0.162617082303691,58
"gene_5407",111,6,1,1,0.00101721565476874,23.5813333511915,0.177443817612962,58.5
"gene_17109",116,3,0.66,1,0.00101721565476874,46.8932145112452,0.319326744776393,59.5
"gene_9652",94,27,1,1,0.00101721565476874,6.51384257210587,0.132793436676121,60.5
"gene_5625",49,75,0.69,1,0.00101721565476874,105.774108733955,0.554048264602792,62
"gene_3921",7,120,0.81,1,0.00101721565476874,65.7134678988232,0.431972396190956,63.5
"gene_6593",131,4,0.73,1,0.00101721565476874,54.6007612413552,0.485667916676976,67.5
"gene_11910",70,66,0.95,1,0.00101721565476874,18.0233889390313,0.185965362096077,68
"gene_9184",67,78,0.85,1,0.00101721565476874,26.5575870810166,0.247206370695952,72.5
"gene_2318",113,39,0.87,1,0.00101721565476874,21.31117767844,0.192050510568359,76
"gene_11393",139,13,0.7,1,0.00101721565476874,9.77838985021019,0.152383555104627,76
"gene_7992",143,11,0.65,1,0.00202582857142857,2.57742161577953,0.0806105783154258,77
"gene_11124",127,31,0.67,1,0.00101721565476874,109.021880649557,0.535087367596077,79
"gene_3541",154,14,0.61,1,0.00101721565476874,155.357923859325,0.6703457263759,84
"gene_12977",117,52,0.79,1,0.00101721565476874,30.045413052792,0.28637063479086,84.5
"gene_19236",33,136,0.62,NA,NA,NA,NA,84.5
"gene_18290",106,70,0.69,NA,NA,NA,NA,88
"gene_16372",158,21,0.69,1,0.00101721565476874,7.09602936950519,0.112280179239963,89.5
"gene_6876",91,89,1,1,0.00101721565476874,9.86720678694608,0.135704494744028,90
"gene_11464",80,100,0.75,1,0.00101721565476874,117.809170229046,0.473693452930658,90
"gene_12078",43,138,0.74,1,0.00101721565476874,14.1208305388006,0.142102740005408,90.5
"gene_15633",104,77,0.82,1,0.00101721565476874,27.8241096280585,0.29412912591958,90.5
"gene_4224",149,37,0.77,1,0.00101721565476874,88.7644077837008,0.495086792930301,93
"gene_6584",144,46,0.74,1,0.0110492434974783,4.69348037005382,0.0737660573183296,95
"gene_17904",173,18,0.95,NA,NA,NA,NA,95.5
"gene_12013",37,166,0.71,1,0.00101721565476874,7.32127874209958,0.104128971296344,101.5
"gene_8348",38,182,0.8,1,0.00101721565476874,92.9881529322366,0.551555378521023,110
"gene_15900",141,86,0.92,1,0.00101721565476874,201.159764966327,0.731332322882555,113.5
"gene_5021",146,85,0.61,1,0.00101721565476874,180.969666400238,0.665825359976578,115.5
"gene_8013",209,30,0.69,1,0.00101721565476874,11.6540973479273,0.20257926793565,119.5
"gene_16169",9,234,0.65,1,0.00101721565476874,17.7335400086782,0.221475563161977,121.5
"gene_3730",177,72,0.64,1,0.00101721565476874,21.3842981673059,0.214370248195848,124.5
"gene_7116",24,229,0.75,1,0.00101721565476874,19.6273613838409,0.169144418117113,126.5
"gene_6611",180,74,0.99,1,0.00101721565476874,220.973757447952,0.689908331394211,127
"gene_223",108,148,0.84,1,0.00101721565476874,17.9641595909816,0.174586301148809,128
"gene_2288",29,231,0.9,1,0.00101721565476874,34.3099587133483,0.300105652552151,130
"gene_2774",140,135,0.64,1,0.00101721565476874,33.1536205446338,0.341629499354371,137.5
"gene_16392",13,279,0.66,1,0.00101721565476874,30.5942138248991,0.288131637440125,146
"gene_18753",223,83,0.71,NA,NA,NA,NA,153
"gene_951",246,62,0.66,1,0.00101721565476874,48.2481824132375,0.392879025273159,154
"gene_6830",267,44,0.77,1,0.00101721565476874,42.880787245005,0.371814469596525,155.5
"gene_15894",30,283,0.84,1,0.00101721565476874,15.2271103716653,0.164446360493459,156.5
"gene_6733",12,313,0.92,1,0.00101721565476874,36.8626932579889,0.244979946709512,162.5
"gene_9176",2,325,0.97,1,0.00101721565476874,40.1568846877154,0.244019769097308,163.5
"gene_180",89,240,0.69,1,0.00101721565476874,38.0734582449201,0.290595339642445,164.5
