"Critère","Ce.travail","Hossain.2025","Ludwig.2021","Lyu.2018"
"Anti-leakage (split en 1er)","✓","✓","Partiel","Partiel"
"Sélection multi-critères (≥5 filtres)","✓","✗","Partiel","✗"
"Pas de top-N arbitraire","✓","✗","✗","✗"
"Nested CV (estimation non-biaisée)","✓","✗","✗","✗"
"Test de permutation","✓","✗","✗","✗"
"Bootstrap BCa (IC robustes)","✓","✗","✗","✗"
"12 métriques (MCC, ECE, BSS...)","✓","✗","✗","✗"
"Interprétabilité SHAP","✓","✗","✗","✗"
"Pipeline reproductible (SEED, R version)","✓","Partiel","✗","✗"
